Subdomain,IP,Cloudflare
1paytag.hdfcbank.com,107.162.228.147,false
aadhaaruat.hdfcbank.com,159.60.128.212,false
aaop.hdfcbank.com,175.100.160.79,false
aaopbo.hdfcbank.com,175.100.160.82,false
aaopstu.hdfcbank.com,175.100.160.83,false
aaopuat.hdfcbank.com,103.120.105.28,false
aaopuatstu.hdfcbank.com,103.120.106.137,false
access.hdfcbank.com,3.109.135.188,false
achdashboard.hdfcbank.com,175.100.163.57,false
admin.hdfcbank.com,3.109.135.188,false
aepsapplbuat.hdfcbank.com,159.60.128.212,false
aepsekyc.hdfcbank.com,159.60.128.212,false
aepsekycuat.hdfcbank.com,159.60.128.212,false
api-tryitout-uat.hdfcbank.com,103.120.106.197,false
api-uat.hdfcbank.com,103.120.106.192,false
api.hdfcbank.com,103.120.106.31,false
api.tachyon.hdfcbank.com,3.7.220.222,false
api.tachyon.uat.hdfcbank.com,13.126.112.49,false
api1.hdfcbank.com,175.100.162.133,false
appaccess.hdfcbank.com,103.120.106.90,false
appaccessuat.hdfcbank.com,103.120.106.251,false
apply.hdfcbank.com,175.100.163.64,false
applycarloan.hdfcbank.com,3.108.0.162,false
applyonline.hdfcbank.com,13.32.99.100,false
applyonlinedev.hdfcbank.com,3.110.237.132,false
applyonlinedev01.hdfcbank.com,65.1.200.4,false
applyonlinedev02.hdfcbank.com,13.235.38.115,false
applyonlinedev03.hdfcbank.com,65.0.220.51,false
applyonlineqa.hdfcbank.com,13.126.42.166,false
applyonlineqa01.hdfcbank.com,43.204.53.254,false
applyonlineqa02.hdfcbank.com,15.206.47.227,false
applyonlineqa03.hdfcbank.com,65.2.100.198,false
applyonlinestage.hdfcbank.com,52.222.214.26,false
applyonlineuat01.hdfcbank.com,52.66.49.215,false
applyonlineuat02.hdfcbank.com,15.206.111.123,false
apps.hdfcbank.com,159.60.128.212,false
bahrainnetbanking.hdfcbank.com,103.120.106.22,false
bbmbtest.hdfcbank.com,103.120.105.45,false
bbtest.hdfcbank.com,104.16.36.67,true
bcms.hdfcbank.com,159.60.128.212,false
bcmscorp.hdfcbank.com,159.60.128.212,false
bcmsuat.hdfcbank.com,159.60.128.212,false
bcmsuat2.hdfcbank.com,159.60.128.212,false
beta.chatgpt.hdfcbank.com,159.60.128.212,false
bnextuat.hdfcbank.com,52.66.6.23,false
bnextuatcontent.hdfcbank.com,104.16.36.67,true
boardpac.hdfcbank.com,159.60.128.212,false
boardpacuat.hdfcbank.com,159.60.128.212,false
bre.hdfcbank.com,20.192.4.238,false
btguat.hdfcbank.com,103.120.106.156,false
btguat1.hdfcbank.com,159.60.128.212,false
bugclpuat.hdfcbank.com,175.100.163.208,false
ca.hdfcbank.com,159.60.128.212,false
cb.hdfcbank.com,175.100.163.165,false
cbdc.hdfcbank.com,103.120.106.106,false
cbdctest.hdfcbank.com,103.120.106.242,false
cbuat.hdfcbank.com,103.120.106.132,false
cbxcorpuat.hdfcbank.com,103.120.106.143,false
cbxdmuat.hdfcbank.com,103.120.106.175,false
cbxuat.hdfcbank.com,103.120.106.140,false
clo.hdfcbank.com,34.117.210.112,false
cms.hdfcbank.com,175.100.163.111,false
cmsdisb.hdfcbank.com,175.100.160.213,false
collections.hdfcbank.com,159.60.128.212,false
corpbankperf.hdfcbank.com,103.120.106.161,false
corpcards.hdfcbank.com,159.60.128.212,false
corpcardsuat.hdfcbank.com,159.60.128.212,false
corporate.hdfcbank.com,175.100.160.200,false
corporatebanking.hdfcbank.com,175.100.162.96,false
corporateportal.hdfcbank.com,3.109.135.188,false
corporateprepaid.hdfcbank.com,159.60.128.212,false
corporateprepaiduat.hdfcbank.com,159.60.128.212,false
corporateservices.hdfcbank.com,159.60.128.212,false
corpssl.hdfcbank.com,175.100.160.199,false
cp.hdfcbank.com,175.100.163.15,false
cpuatnetweb01.hdfcbank.com,159.60.128.212,false
crmmobile.hdfcbank.com,175.100.163.73,false
crmmobileuat.hdfcbank.com,175.100.163.185,false
cs.payzapp.hdfcbank.com,104.16.36.67,true
cs.payzapp.uat.hdfcbank.com,104.16.36.67,true
cug1.mbv3.hdfcbank.com,34.117.210.112,false
dapdcauth.hdfcbank.com,159.60.128.212,false
dapuat1.hdfcbank.com,159.60.128.212,false
dapuat3.hdfcbank.com,159.60.128.212,false
dapuat4.hdfcbank.com,159.60.128.212,false
dashboard.smartgateway.hdfcbank.com,104.16.36.67,true
dashboarduat.smartgatewayuat.hdfcbank.com,104.16.36.67,true
dashtab.hdfcbank.com,159.60.128.212,false
demofastag.hdfcbank.com,52.172.90.232,false
demofastag2.hdfcbank.com,52.172.35.14,false
depository.hdfcbank.com,175.100.162.134,false
dev-new.hdfcbank.com,3.109.135.188,false
dev1.mbv3.hdfcbank.com,34.160.28.135,false
dev2.mbv3.hdfcbank.com,34.160.28.135,false
developer-uat.hdfcbank.com,159.60.128.212,false
developer.hdfcbank.com,159.60.128.212,false
digiapplyonline.hdfcbank.com,103.120.106.43,false
digitalonboarding.hdfcbank.com,175.100.163.230,false
divpro.hdfcbank.com,159.60.128.212,false
